[TOC]

# 题目
1. 成绩有重复的情况下，查询选修「张三」老师所授课程的学生中，成绩最高的学生信息及其成绩

# 解释

首先，拿到先查到信息最全的表

```mysql
mysql> SELECT Student.*, Teacher.*, Course.*, SC.* FROM Student, Teacher, Course, SC WHERE Student.SId=SC.SId AND SC.CId=Course.CId AND Course.TId=Teacher.TId;
+------+--------+---------------------+------+------+--------+------+--------+------+------+------+-------+
| SId  | Sname  | Sage                | Ssex | TId  | Tname  | CId  | Cname  | TId  | SId  | CId  | score |
+------+--------+---------------------+------+------+--------+------+--------+------+------+------+-------+
| 01   | 赵雷   | 1990-01-01 00:00:00 | 男   | 01   | 张三   | 02   | 数学   | 01   | 01   | 02   |  90.0 |
| 02   | 钱电   | 1990-12-21 00:00:00 | 男   | 01   | 张三   | 02   | 数学   | 01   | 02   | 02   |  60.0 |
| 03   | 孙风   | 1990-05-20 00:00:00 | 男   | 01   | 张三   | 02   | 数学   | 01   | 03   | 02   |  80.0 |
| 04   | 李云   | 1990-08-06 00:00:00 | 男   | 01   | 张三   | 02   | 数学   | 01   | 04   | 02   |  30.0 |
| 05   | 周梅   | 1991-12-01 00:00:00 | 女   | 01   | 张三   | 02   | 数学   | 01   | 05   | 02   |  87.0 |
| 07   | 郑竹   | 1989-07-01 00:00:00 | 女   | 01   | 张三   | 02   | 数学   | 01   | 07   | 02   |  89.0 |
| 01   | 赵雷   | 1990-01-01 00:00:00 | 男   | 02   | 李四   | 01   | 语文   | 02   | 01   | 01   |  80.0 |
| 02   | 钱电   | 1990-12-21 00:00:00 | 男   | 02   | 李四   | 01   | 语文   | 02   | 02   | 01   |  70.0 |
| 03   | 孙风   | 1990-05-20 00:00:00 | 男   | 02   | 李四   | 01   | 语文   | 02   | 03   | 01   |  80.0 |
| 04   | 李云   | 1990-08-06 00:00:00 | 男   | 02   | 李四   | 01   | 语文   | 02   | 04   | 01   |  50.0 |
| 05   | 周梅   | 1991-12-01 00:00:00 | 女   | 02   | 李四   | 01   | 语文   | 02   | 05   | 01   |  76.0 |
| 06   | 吴兰   | 1992-03-01 00:00:00 | 女   | 02   | 李四   | 01   | 语文   | 02   | 06   | 01   |  31.0 |
| 01   | 赵雷   | 1990-01-01 00:00:00 | 男   | 03   | 王五   | 03   | 英语   | 03   | 01   | 03   |  99.0 |
| 02   | 钱电   | 1990-12-21 00:00:00 | 男   | 03   | 王五   | 03   | 英语   | 03   | 02   | 03   |  80.0 |
| 03   | 孙风   | 1990-05-20 00:00:00 | 男   | 03   | 王五   | 03   | 英语   | 03   | 03   | 03   |  80.0 |
| 04   | 李云   | 1990-08-06 00:00:00 | 男   | 03   | 王五   | 03   | 英语   | 03   | 04   | 03   |  20.0 |
| 06   | 吴兰   | 1992-03-01 00:00:00 | 女   | 03   | 王五   | 03   | 英语   | 03   | 06   | 03   |  34.0 |
| 07   | 郑竹   | 1989-07-01 00:00:00 | 女   | 03   | 王五   | 03   | 英语   | 03   | 07   | 03   |  98.0 |
+------+--------+---------------------+------+------+--------+------+--------+------+------+------+-------+
18 rows in set (0.00 sec)
```

```mysql
mysql> SELECT CId, MAX(score) FROM SC GROUP BY CId;
+------+------------+
| CId  | MAX(score) |
+------+------------+
| 01   |       80.0 |
| 02   |       90.0 |
| 03   |       99.0 |
+------+------------+
3 rows in set (0.00 sec)
```


# 总结

# 后记

其实没有固定的答案，结构更简单，思路更清晰，查询效率更快的方法，欢迎留言，我们一起学习，一起进步~~